{"x_position": 59, "y_position": 0, "battery": 47.99254996463959, "gyroscope": [-0.06345360945957454, 0.3142460931212679, 0.04050346081102263], "wind_speed": 83.1400783977724, "dust_level": 98.26585819445407, "sensor_status": "RED"}