{"x_position": 113, "y_position": 3, "battery": 0, "gyroscope": [0.24599552423225474, 0.4112809519994992, 0.04559386703778079], "wind_speed": 100, "dust_level": 100, "sensor_status": "RED"}