{"x_position": 1, "y_position": 1, "battery": 99.1089100066696, "gyroscope": [0.054009405582781785, 0.031184890459471787, 0.03912228313513241], "wind_speed": 53.18940564128453, "dust_level": 50.3176438093204, "sensor_status": "GREEN"}