{"x_position": 113, "y_position": 3, "battery": 0, "gyroscope": [0.31262859194318143, 0.003507060162951854, -0.05984442733431182], "wind_speed": 100, "dust_level": 100, "sensor_status": "RED"}