{"x_position": 111, "y_position": 3, "battery": 0, "gyroscope": [0.4981058758998344, -0.2366379360114274, -0.041456712870275976], "wind_speed": 86.4639622655905, "dust_level": 97.83608379632922, "sensor_status": "RED"}