{"x_position": 113, "y_position": 3, "battery": 0, "gyroscope": [-0.39618781625804117, -0.26932872558992405, 0.006117123991617027], "wind_speed": 100, "dust_level": 100, "sensor_status": "RED"}