{"x_position": 113, "y_position": 3, "battery": 0, "gyroscope": [0.24059796019454277, 0.45256160579602756, 0.03805431563059153], "wind_speed": 100, "dust_level": 100, "sensor_status": "RED"}