{"x_position": 1, "y_position": 1, "battery": 99.1089100066696, "gyroscope": [-0.016738369793314993, -0.08122775075851497, 0.07065393667658684], "wind_speed": 56.12689371019031, "dust_level": 62.004185955428966, "sensor_status": "YELLOW"}