{"x_position": 26, "y_position": 4, "battery": 78.03408322271531, "gyroscope": [0.02208801669635993, -0.1312008181326641, -0.03580196911723008], "wind_speed": 86.00400265508189, "dust_level": 100, "sensor_status": "RED"}