{"x_position": 1, "y_position": 1, "battery": 99.1089100066696, "gyroscope": [0.008836057431081235, -0.01133046568551753, 0.04211535361283533], "wind_speed": 0, "dust_level": 0, "sensor_status": "GREEN"}