{"x_position": 16, "y_position": 4, "battery": 86.35560584301825, "gyroscope": [0.11032683128330308, 0.199458511782502, 0.051739930948027604], "wind_speed": 100, "dust_level": 72.38268352849124, "sensor_status": "RED"}