{"x_position": 77, "y_position": 4, "battery": 32.98757430822253, "gyroscope": [-0.11013211428822475, -0.36301444457033355, -0.06905845639341292], "wind_speed": 81.38344347621299, "dust_level": 90.82916042977712, "sensor_status": "RED"}