{"x_position": 84, "y_position": 4, "battery": 26.28953783726943, "gyroscope": [-0.17153765680621647, 0.1723196841216427, 0.053423571876208234], "wind_speed": 100, "dust_level": 100, "sensor_status": "RED"}