{"x_position": 3, "y_position": 2, "battery": 97.370141979167, "gyroscope": [0.15282064163186732, -0.08925380419260011, -0.09230599252431608], "wind_speed": 0, "dust_level": 0, "sensor_status": "GREEN"}