{"x_position": 102, "y_position": 4, "battery": 10.189344208512633, "gyroscope": [-0.18345684151872604, 0.2991351815291699, 0.05702082398504836], "wind_speed": 95.20228194847466, "dust_level": 93.34845179626413, "sensor_status": "RED"}