{"x_position": 1, "y_position": 1, "battery": 99.1089100066696, "gyroscope": [0.0773647930179849, -0.03727002940358226, -0.034780381255635415], "wind_speed": 45.615803334935045, "dust_level": 51.867593685304634, "sensor_status": "GREEN"}