{"x_position": 66, "y_position": 4, "battery": 44.6669604958413, "gyroscope": [-0.03363577955517147, -0.07193056971977493, 0.06550730096829631], "wind_speed": 90.24199632682088, "dust_level": 100, "sensor_status": "RED"}