{"x_position": 113, "y_position": 3, "battery": 0, "gyroscope": [-0.17379834392982513, 0.23516937499482718, 0.057267951681958695], "wind_speed": 47.71755725913962, "dust_level": 66.9656961219039, "sensor_status": "YELLOW"}