{"x_position": 114, "y_position": 3, "battery": 0, "gyroscope": [0.5277933437199037, 0.027451979465724585, -0.07590125439316069], "wind_speed": 80.2177126110529, "dust_level": 75.13616511905336, "sensor_status": "YELLOW"}