{"x_position": 115, "y_position": 2, "battery": 0, "gyroscope": [-0.3384049991433503, -0.06910001272194155, -0.027801769416175043], "wind_speed": 100, "dust_level": 100, "sensor_status": "RED"}