{"x_position": 1, "y_position": 1, "battery": 99.1089100066696, "gyroscope": [0.10914310623492052, 0.07583654135894427, -0.08969725359536806], "wind_speed": 5.6588736812921745, "dust_level": 0.05373248327547131, "sensor_status": "GREEN"}