{"x_position": 69, "y_position": 7, "battery": 41.95867993607728, "gyroscope": [-0.1342205279515963, 0.022835148775661486, -0.0172195874850304], "wind_speed": 91.88995710161412, "dust_level": 60.83730813993975, "sensor_status": "RED"}