{"x_position": 51, "y_position": 0, "battery": 55.53943870661079, "gyroscope": [-0.1254682070670693, -0.48583836185706814, 0.033556163492401814], "wind_speed": 97.97656148899787, "dust_level": 98.21073775225156, "sensor_status": "RED"}