{"x_position": 65, "y_position": 4, "battery": 43.77726381377462, "gyroscope": [0.4316910805439623, 0.25983648413392024, -0.08012977133683322], "wind_speed": 100, "dust_level": 100, "sensor_status": "RED"}