{"x_position": 35, "y_position": 5, "battery": 70.51842627562293, "gyroscope": [-0.01366794559701312, -0.25015588599374944, 0.06501642467643325], "wind_speed": 100, "dust_level": 72.84789219960552, "sensor_status": "RED"}