{"x_position": 112, "y_position": 4, "battery": 0.33190104718968516, "gyroscope": [-0.1253011665878184, -0.28927635904299087, -0.06359343615474773], "wind_speed": 90.64423789624055, "dust_level": 93.47569535782651, "sensor_status": "RED"}