{"x_position": 112, "y_position": 3, "battery": 0, "gyroscope": [-0.3022307874739366, 0.3038923749045126, 0.017928719157015147], "wind_speed": 97.10802285631473, "dust_level": 100, "sensor_status": "RED"}