{"x_position": 62, "y_position": 0, "battery": 45.77355853537418, "gyroscope": [-0.47658553732037323, -0.2869316388377121, -0.036691756935610775], "wind_speed": 100, "dust_level": 100, "sensor_status": "RED"}