{"x_position": 1, "y_position": 1, "battery": 99.1089100066696, "gyroscope": [0.04147444667458288, 0.06159050404206959, 0.0969683385671537], "wind_speed": 0, "dust_level": 0, "sensor_status": "GREEN"}