{"x_position": 103, "y_position": 4, "battery": 9.787381563549673, "gyroscope": [-0.33731830486600933, -0.002162260478545411, -0.05484833345003028], "wind_speed": 97.08012412476691, "dust_level": 74.3006262353838, "sensor_status": "RED"}