{"x_position": 113, "y_position": 2, "battery": 0, "gyroscope": [0.3930366567921572, -0.04582252181530402, 0.05168427585242974], "wind_speed": 87.84251277448134, "dust_level": 100, "sensor_status": "RED"}