{"x_position": 3, "y_position": 0, "battery": 97.27245455909376, "gyroscope": [0.10626732263275887, -0.2776670725327216, -0.06704080390045586], "wind_speed": 76.97015668285253, "dust_level": 92.89901557457813, "sensor_status": "RED"}