{"x_position": 31, "y_position": 5, "battery": 73.94379504558158, "gyroscope": [0.06897674700267972, -0.23314990060577906, -0.011143548513006099], "wind_speed": 99.10056965329633, "dust_level": 56.49754569914123, "sensor_status": "RED"}