{"x_position": 1, "y_position": 1, "battery": 99.1089100066696, "gyroscope": [-0.024055609880345073, 0.03765972453328892, -0.08134644206123418], "wind_speed": 0, "dust_level": 9.204265827931192, "sensor_status": "GREEN"}