{"x_position": 1, "y_position": 1, "battery": 99.1089100066696, "gyroscope": [0.1264872035995535, -0.08920112461610592, 0.000663405993014593], "wind_speed": 10.009534664478686, "dust_level": 4.214672904581374, "sensor_status": "GREEN"}