{"x_position": 43, "y_position": 4, "battery": 63.28157281479842, "gyroscope": [0.013346892276600908, -0.1421164463833648, -0.0293902056411795], "wind_speed": 100, "dust_level": 93.49335542606113, "sensor_status": "RED"}