{"x_position": 113, "y_position": 3, "battery": 0, "gyroscope": [0.43541185807834043, 0.007263767163176019, -0.05713043692852638], "wind_speed": 100, "dust_level": 100, "sensor_status": "RED"}