{"x_position": 112, "y_position": 3, "battery": 0, "gyroscope": [-0.0009151826229408036, -0.42203189979559697, 0.06242379397411876], "wind_speed": 100, "dust_level": 100, "sensor_status": "RED"}