{"x_position": 107, "y_position": 5, "battery": 6.658120882579489, "gyroscope": [-0.20524319699954258, 0.1399763969269322, -0.028171972471817998], "wind_speed": 100, "dust_level": 100, "sensor_status": "RED"}