{"x_position": 113, "y_position": 3, "battery": 0, "gyroscope": [0.3516094801212804, -0.269703695945543, 0.05514499745772297], "wind_speed": 75.66442656935862, "dust_level": 82.03247629592501, "sensor_status": "YELLOW"}