{"x_position": 113, "y_position": 3, "battery": 0, "gyroscope": [0.4349019212436798, 0.11932063763287215, -0.01693850688220762], "wind_speed": 100, "dust_level": 100, "sensor_status": "RED"}