{"x_position": 1, "y_position": 1, "battery": 99.1089100066696, "gyroscope": [0.10906867094150194, -0.07808665703107119, -0.0505671616429451], "wind_speed": 0, "dust_level": 0.5767662730470757, "sensor_status": "GREEN"}