{"x_position": 113, "y_position": 3, "battery": 0, "gyroscope": [-0.2853968497172282, 0.18048105871611475, 0.07482429166278493], "wind_speed": 94.49417413099859, "dust_level": 79.75560307517934, "sensor_status": "RED"}