{"x_position": 97, "y_position": 4, "battery": 17.26332601030372, "gyroscope": [0.04686145328117855, -0.3364509575864853, 0.07096247794238998], "wind_speed": 100, "dust_level": 100, "sensor_status": "RED"}