{"x_position": 113, "y_position": 3, "battery": 0, "gyroscope": [-0.3192236697641649, 0.07477333586577634, 0.01837491157320366], "wind_speed": 100, "dust_level": 95.8234408484956, "sensor_status": "RED"}