{"x_position": 1, "y_position": 1, "battery": 99.1089100066696, "gyroscope": [0.10165180744231989, 0.07087727350398423, 0.09059901342240606], "wind_speed": 50.58945958163835, "dust_level": 39.72346961537067, "sensor_status": "GREEN"}