{"x_position": 1, "y_position": 1, "battery": 99.1089100066696, "gyroscope": [0.13187636971005576, -0.047925922464374056, 0.03338764827134144], "wind_speed": 2.593484925509493, "dust_level": 0, "sensor_status": "GREEN"}