{"x_position": 113, "y_position": 3, "battery": 0, "gyroscope": [-0.12302898939139678, -0.28706779762869394, -0.07027615659986777], "wind_speed": 91.04804065856422, "dust_level": 100, "sensor_status": "RED"}