{"x_position": 1, "y_position": 1, "battery": 99.1089100066696, "gyroscope": [0.08810714505942935, 0.04815445773634644, 0.06964234151897986], "wind_speed": 51.569980052764095, "dust_level": 41.137615023597924, "sensor_status": "GREEN"}