{"x_position": 100, "y_position": 0, "battery": 11.565554991125376, "gyroscope": [0.539339823237816, -0.09022684108961154, -0.06316502647981755], "wind_speed": 100, "dust_level": 100, "sensor_status": "RED"}