{"x_position": 77, "y_position": 6, "battery": 33.508496392191475, "gyroscope": [0.5173919498632447, -0.13975654740728286, 0.005560217743607571], "wind_speed": 99.33020990021299, "dust_level": 91.66530077179765, "sensor_status": "RED"}