{"x_position": 108, "y_position": 0, "battery": 4.335833477304247, "gyroscope": [-0.11106959293857188, 0.49538568019074825, 0.09449670035580693], "wind_speed": 100, "dust_level": 100, "sensor_status": "RED"}