{"x_position": 113, "y_position": 3, "battery": 0, "gyroscope": [0.04445099165157072, 0.37072400532748295, -0.0794000846583478], "wind_speed": 100, "dust_level": 100, "sensor_status": "RED"}