{"x_position": 1, "y_position": 1, "battery": 99.1089100066696, "gyroscope": [-0.01159165220709521, 0.07821053380177018, 0.0618386368260494], "wind_speed": 4.675926771862496, "dust_level": 8.379070163234342, "sensor_status": "GREEN"}