{"x_position": 47, "y_position": 5, "battery": 60.28950239427275, "gyroscope": [0.31792514984159326, -0.26171499360357997, 0.012501409880886577], "wind_speed": 100, "dust_level": 100, "sensor_status": "RED"}