{"x_position": 47, "y_position": 4, "battery": 60.477853474416904, "gyroscope": [-0.002749569696465032, 0.4258730625490025, 0.005965369147691094], "wind_speed": 90.85587033799928, "dust_level": 80.41244176172323, "sensor_status": "RED"}