{"x_position": 112, "y_position": 2, "battery": 0, "gyroscope": [0.2870307624577899, -0.18519091097900728, 0.09509874212236213], "wind_speed": 72.70284907838666, "dust_level": 98.7786584267039, "sensor_status": "RED"}