{"x_position": 95, "y_position": 4, "battery": 17.124926104537153, "gyroscope": [0.3632670164416239, 0.22416684430991138, -0.0576634747464917], "wind_speed": 100, "dust_level": 100, "sensor_status": "RED"}