{"x_position": 1, "y_position": 1, "battery": 99.1089100066696, "gyroscope": [-0.043417801481177985, 0.04351320488420757, 0.0937134719665732], "wind_speed": 61.55169235763809, "dust_level": 66.91355399547614, "sensor_status": "YELLOW"}