{"x_position": 112, "y_position": 3, "battery": 0, "gyroscope": [0.3085626597313262, 0.08256765991848869, -0.0740409468067214], "wind_speed": 100, "dust_level": 100, "sensor_status": "RED"}