{"x_position": 65, "y_position": 0, "battery": 42.10626905377063, "gyroscope": [-0.1791820694624427, 0.45413704907351515, -0.05581206242248936], "wind_speed": 100, "dust_level": 98.37229492146933, "sensor_status": "RED"}